{
    "room_dim": [
        5,
        5,
        5
    ],
    "rt60": 0.5,
    "mic_amount": 4,
    "mic_start": [
        1,
        1,
        2.5
    ],
    "mic_dist": [
        0.05,
        0.054545,
        0.059091,
        0.063636,
        0.068182,
        0.072727,
        0.077273,
        0.081818,
        0.086364,
        0.090909,
        0.095455,
        0.1,
        0.104545,
        0.109091,
        0.113636,
        0.118182,
        0.122727,
        0.127273,
        0.131818,
        0.136364,
        0.140909,
        0.145455,
        0.15,
        0.154545,
        0.159091,
        0.163636,
        0.168182,
        0.172727,
        0.177273,
        0.181818,
        0.186364,
        0.190909,
        0.195455,
        0.2,
        0.204545,
        0.209091,
        0.213636,
        0.218182,
        0.222727,
        0.227273,
        0.231818,
        0.236364,
        0.240909,
        0.245455,
        0.25,
        0.254545,
        0.259091,
        0.263636,
        0.268182,
        0.272727,
        0.277273,
        0.281818,
        0.286364,
        0.290909,
        0.295455,
        0.3,
        0.304545,
        0.309091,
        0.313636,
        0.318182,
        0.322727,
        0.327273,
        0.331818,
        0.336364,
        0.340909,
        0.345455,
        0.35,
        0.354545,
        0.359091,
        0.363636,
        0.368182,
        0.372727,
        0.377273,
        0.381818,
        0.386364,
        0.390909,
        0.395455,
        0.4,
        0.404545,
        0.409091,
        0.413636,
        0.418182,
        0.422727,
        0.427273,
        0.431818,
        0.436364,
        0.440909,
        0.445455,
        0.45,
        0.454545,
        0.459091,
        0.463636,
        0.468182,
        0.472727,
        0.477273,
        0.481818,
        0.486364,
        0.490909,
        0.495455,
        0.5
    ],
    "source_pos": [
        2.5,
        2.5,
        2.5
    ],
    "fs": 48000,
    "snr": 0
}