{
    "room_dim": [
        5,
        5,
        5
    ],
    "rt60": 0.5,
    "mic_amount": 4,
    "mic_start": [
        1,
        1,
        2.5
    ],
    "mic_dist": [
        0.05,
        0.059184,
        0.068367,
        0.077551,
        0.086735,
        0.095918,
        0.105102,
        0.114286,
        0.123469,
        0.132653,
        0.141837,
        0.15102,
        0.160204,
        0.169388,
        0.178571,
        0.187755,
        0.196939,
        0.206122,
        0.215306,
        0.22449,
        0.233673,
        0.242857,
        0.252041,
        0.261224,
        0.270408,
        0.279592,
        0.288776,
        0.297959,
        0.307143,
        0.316327,
        0.32551,
        0.334694,
        0.343878,
        0.353061,
        0.362245,
        0.371429,
        0.380612,
        0.389796,
        0.39898,
        0.408163,
        0.417347,
        0.426531,
        0.435714,
        0.444898,
        0.454082,
        0.463265,
        0.472449,
        0.481633,
        0.490816,
        0.5
    ],
    "source_pos": [
        2.5,
        2.5,
        2.5
    ],
    "fs": 48000,
    "snr": 0
}