{
    "room_dim": [
        5,
        5,
        5
    ],
    "rt60": 0.5,
    "mic_amount": 4,
    "mic_start": [
        0,
        0,
        2.5
    ],
    "mic_dist": 0.1,
    "source_pos": [
        2.5,
        2.5,
        2.5
    ],
    "fs": [
        50.0,
        1338.255033557047,
        2626.510067114094,
        3914.765100671141,
        5203.020134228188,
        6491.275167785235,
        7779.530201342282,
        9067.78523489933,
        10356.040268456376,
        11644.295302013423,
        12932.55033557047,
        14220.805369127516,
        15509.060402684565,
        16797.31543624161,
        18085.57046979866,
        19373.825503355703,
        20662.080536912752,
        21950.3355704698,
        23238.590604026846,
        24526.845637583894,
        25815.10067114094,
        27103.355704697988,
        28391.610738255033,
        29679.86577181208,
        30968.12080536913,
        32256.375838926175,
        33544.63087248322,
        34832.88590604027,
        36121.14093959732,
        37409.395973154365,
        38697.65100671141,
        39985.906040268455,
        41274.161073825504,
        42562.41610738255,
        43850.6711409396,
        45138.92617449664,
        46427.18120805369,
        47715.43624161074,
        49003.69127516779,
        50291.94630872483,
        51580.20134228188,
        52868.45637583893,
        54156.711409395975,
        55444.966442953024,
        56733.221476510065,
        58021.476510067114,
        59309.73154362416,
        60597.98657718121,
        61886.24161073826,
        63174.4966442953,
        64462.75167785235,
        65751.0067114094,
        67039.26174496644,
        68327.5167785235,
        69615.77181208054,
        70904.02684563758,
        72192.28187919463,
        73480.53691275168,
        74768.79194630873,
        76057.04697986577,
        77345.30201342281,
        78633.55704697987,
        79921.81208053691,
        81210.06711409397,
        82498.32214765101,
        83786.57718120805,
        85074.8322147651,
        86363.08724832215,
        87651.3422818792,
        88939.59731543624,
        90227.85234899328,
        91516.10738255034,
        92804.36241610738,
        94092.61744966444,
        95380.87248322148,
        96669.12751677852,
        97957.38255033558,
        99245.63758389262,
        100533.89261744966,
        101822.14765100672,
        103110.40268456376,
        104398.65771812081,
        105686.91275167785,
        106975.1677852349,
        108263.42281879195,
        109551.67785234899,
        110839.93288590605,
        112128.18791946309,
        113416.44295302013,
        114704.69798657719,
        115992.95302013423,
        117281.20805369128,
        118569.46308724832,
        119857.71812080537,
        121145.97315436242,
        122434.22818791946,
        123722.48322147652,
        125010.73825503356,
        126298.9932885906,
        127587.24832214766,
        128875.5033557047,
        130163.75838926174,
        131452.0134228188,
        132740.26845637584,
        134028.52348993288,
        135316.77852348995,
        136605.033557047,
        137893.28859060403,
        139181.54362416107,
        140469.79865771811,
        141758.05369127516,
        143046.30872483223,
        144334.56375838927,
        145622.8187919463,
        146911.07382550335,
        148199.3288590604,
        149487.58389261746,
        150775.8389261745,
        152064.09395973154,
        153352.3489932886,
        154640.60402684563,
        155928.8590604027,
        157217.11409395974,
        158505.36912751678,
        159793.62416107382,
        161081.87919463086,
        162370.13422818793,
        163658.38926174497,
        164946.64429530202,
        166234.89932885906,
        167523.1543624161,
        168811.40939597317,
        170099.6644295302,
        171387.91946308725,
        172676.1744966443,
        173964.42953020133,
        175252.6845637584,
        176540.93959731545,
        177829.1946308725,
        179117.44966442953,
        180405.70469798657,
        181693.95973154364,
        182982.21476510068,
        184270.46979865772,
        185558.72483221476,
        186846.9798657718,
        188135.23489932888,
        189423.48993288592,
        190711.74496644296,
        192000.0
    ]
}