{
    "room_dim": [
        5,
        5,
        5
    ],
    "rt60": 0.2,
    "mic_amount": 4,
    "mic_start": [
        [
            1.0,
            1,
            2.5
        ],
        [
            1.015,
            1,
            2.5
        ],
        [
            1.03,
            1,
            2.5
        ],
        [
            1.045,
            1,
            2.5
        ],
        [
            1.06,
            1,
            2.5
        ],
        [
            1.075,
            1,
            2.5
        ],
        [
            1.09,
            1,
            2.5
        ],
        [
            1.105,
            1,
            2.5
        ],
        [
            1.12,
            1,
            2.5
        ],
        [
            1.135,
            1,
            2.5
        ],
        [
            1.15,
            1,
            2.5
        ],
        [
            1.165,
            1,
            2.5
        ],
        [
            1.18,
            1,
            2.5
        ],
        [
            1.195,
            1,
            2.5
        ],
        [
            1.21,
            1,
            2.5
        ],
        [
            1.225,
            1,
            2.5
        ],
        [
            1.24,
            1,
            2.5
        ],
        [
            1.255,
            1,
            2.5
        ],
        [
            1.27,
            1,
            2.5
        ],
        [
            1.285,
            1,
            2.5
        ],
        [
            1.3,
            1,
            2.5
        ],
        [
            1.315,
            1,
            2.5
        ],
        [
            1.33,
            1,
            2.5
        ],
        [
            1.345,
            1,
            2.5
        ],
        [
            1.3599999999999999,
            1,
            2.5
        ],
        [
            1.375,
            1,
            2.5
        ],
        [
            1.3900000000000001,
            1,
            2.5
        ],
        [
            1.405,
            1,
            2.5
        ],
        [
            1.42,
            1,
            2.5
        ],
        [
            1.435,
            1,
            2.5
        ],
        [
            1.45,
            1,
            2.5
        ],
        [
            1.4649999999999999,
            1,
            2.5
        ],
        [
            1.48,
            1,
            2.5
        ],
        [
            1.495,
            1,
            2.5
        ],
        [
            1.51,
            1,
            2.5
        ],
        [
            1.525,
            1,
            2.5
        ],
        [
            1.54,
            1,
            2.5
        ],
        [
            1.555,
            1,
            2.5
        ],
        [
            1.5699999999999998,
            1,
            2.5
        ],
        [
            1.585,
            1,
            2.5
        ],
        [
            1.6,
            1,
            2.5
        ],
        [
            1.615,
            1,
            2.5
        ],
        [
            1.63,
            1,
            2.5
        ],
        [
            1.645,
            1,
            2.5
        ],
        [
            1.66,
            1,
            2.5
        ],
        [
            1.6749999999999998,
            1,
            2.5
        ],
        [
            1.69,
            1,
            2.5
        ],
        [
            1.705,
            1,
            2.5
        ],
        [
            1.72,
            1,
            2.5
        ],
        [
            1.7349999999999999,
            1,
            2.5
        ]
    ],
    "mic_dist": 0.1,
    "source_pos": [
        2.5,
        2.5,
        2.5
    ],
    "fs": 48000,
    "snr": 200
}