{
    "room_dim": [
        5,
        5,
        5
    ],
    "rt60": 0.2,
    "mic_amount": 4,
    "mic_start": [
        [
            1.0,
            1,
            1
        ],
        [
            1.015,
            1,
            1
        ],
        [
            1.03,
            1,
            1
        ],
        [
            1.045,
            1,
            1
        ],
        [
            1.06,
            1,
            1
        ],
        [
            1.075,
            1,
            1
        ],
        [
            1.09,
            1,
            1
        ],
        [
            1.105,
            1,
            1
        ],
        [
            1.12,
            1,
            1
        ],
        [
            1.135,
            1,
            1
        ],
        [
            1.15,
            1,
            1
        ],
        [
            1.165,
            1,
            1
        ],
        [
            1.18,
            1,
            1
        ],
        [
            1.195,
            1,
            1
        ],
        [
            1.21,
            1,
            1
        ],
        [
            1.225,
            1,
            1
        ],
        [
            1.24,
            1,
            1
        ],
        [
            1.255,
            1,
            1
        ],
        [
            1.27,
            1,
            1
        ],
        [
            1.285,
            1,
            1
        ],
        [
            1.3,
            1,
            1
        ],
        [
            1.315,
            1,
            1
        ],
        [
            1.33,
            1,
            1
        ],
        [
            1.345,
            1,
            1
        ],
        [
            1.3599999999999999,
            1,
            1
        ],
        [
            1.375,
            1,
            1
        ],
        [
            1.3900000000000001,
            1,
            1
        ],
        [
            1.405,
            1,
            1
        ],
        [
            1.42,
            1,
            1
        ],
        [
            1.435,
            1,
            1
        ],
        [
            1.45,
            1,
            1
        ],
        [
            1.4649999999999999,
            1,
            1
        ],
        [
            1.48,
            1,
            1
        ],
        [
            1.495,
            1,
            1
        ],
        [
            1.51,
            1,
            1
        ],
        [
            1.525,
            1,
            1
        ],
        [
            1.54,
            1,
            1
        ],
        [
            1.555,
            1,
            1
        ],
        [
            1.5699999999999998,
            1,
            1
        ],
        [
            1.585,
            1,
            1
        ],
        [
            1.6,
            1,
            1
        ],
        [
            1.615,
            1,
            1
        ],
        [
            1.63,
            1,
            1
        ],
        [
            1.645,
            1,
            1
        ],
        [
            1.66,
            1,
            1
        ],
        [
            1.6749999999999998,
            1,
            1
        ],
        [
            1.69,
            1,
            1
        ],
        [
            1.705,
            1,
            1
        ],
        [
            1.72,
            1,
            1
        ],
        [
            1.7349999999999999,
            1,
            1
        ],
        [
            1.75,
            1,
            1
        ],
        [
            1.7650000000000001,
            1,
            1
        ],
        [
            1.78,
            1,
            1
        ],
        [
            1.795,
            1,
            1
        ],
        [
            1.81,
            1,
            1
        ],
        [
            1.825,
            1,
            1
        ],
        [
            1.8399999999999999,
            1,
            1
        ],
        [
            1.855,
            1,
            1
        ],
        [
            1.87,
            1,
            1
        ],
        [
            1.885,
            1,
            1
        ],
        [
            1.9,
            1,
            1
        ],
        [
            1.915,
            1,
            1
        ],
        [
            1.93,
            1,
            1
        ],
        [
            1.9449999999999998,
            1,
            1
        ],
        [
            1.96,
            1,
            1
        ],
        [
            1.975,
            1,
            1
        ],
        [
            1.99,
            1,
            1
        ],
        [
            2.005,
            1,
            1
        ],
        [
            2.02,
            1,
            1
        ],
        [
            2.035,
            1,
            1
        ],
        [
            2.05,
            1,
            1
        ],
        [
            2.065,
            1,
            1
        ],
        [
            2.08,
            1,
            1
        ],
        [
            2.0949999999999998,
            1,
            1
        ],
        [
            2.11,
            1,
            1
        ],
        [
            2.125,
            1,
            1
        ],
        [
            2.1399999999999997,
            1,
            1
        ],
        [
            2.1550000000000002,
            1,
            1
        ],
        [
            2.17,
            1,
            1
        ],
        [
            2.185,
            1,
            1
        ],
        [
            2.2,
            1,
            1
        ],
        [
            2.215,
            1,
            1
        ],
        [
            2.23,
            1,
            1
        ],
        [
            2.245,
            1,
            1
        ],
        [
            2.26,
            1,
            1
        ],
        [
            2.275,
            1,
            1
        ],
        [
            2.29,
            1,
            1
        ],
        [
            2.3049999999999997,
            1,
            1
        ],
        [
            2.32,
            1,
            1
        ],
        [
            2.335,
            1,
            1
        ],
        [
            2.3499999999999996,
            1,
            1
        ],
        [
            2.365,
            1,
            1
        ],
        [
            2.38,
            1,
            1
        ],
        [
            2.395,
            1,
            1
        ],
        [
            2.41,
            1,
            1
        ],
        [
            2.425,
            1,
            1
        ],
        [
            2.44,
            1,
            1
        ],
        [
            2.455,
            1,
            1
        ],
        [
            2.4699999999999998,
            1,
            1
        ],
        [
            2.485,
            1,
            1
        ]
    ],
    "mic_dist": 0.1,
    "source_pos": [
        2.5,
        2.5,
        1
    ],
    "fs": 44100
}