{
    "room_dim": [
        5,
        5,
        5
    ],
    "rt60": 0.5,
    "mic_amount": 4,
    "mic_start": [
        [
            1,
            1,
            0.0
        ],
        [
            1,
            1,
            0.033
        ],
        [
            1,
            1,
            0.066
        ],
        [
            1,
            1,
            0.099
        ],
        [
            1,
            1,
            0.132
        ],
        [
            1,
            1,
            0.165
        ],
        [
            1,
            1,
            0.198
        ],
        [
            1,
            1,
            0.231
        ],
        [
            1,
            1,
            0.264
        ],
        [
            1,
            1,
            0.29700000000000004
        ],
        [
            1,
            1,
            0.33
        ],
        [
            1,
            1,
            0.363
        ],
        [
            1,
            1,
            0.396
        ],
        [
            1,
            1,
            0.42900000000000005
        ],
        [
            1,
            1,
            0.462
        ],
        [
            1,
            1,
            0.495
        ],
        [
            1,
            1,
            0.528
        ],
        [
            1,
            1,
            0.561
        ],
        [
            1,
            1,
            0.5940000000000001
        ],
        [
            1,
            1,
            0.627
        ],
        [
            1,
            1,
            0.66
        ],
        [
            1,
            1,
            0.6930000000000001
        ],
        [
            1,
            1,
            0.726
        ],
        [
            1,
            1,
            0.759
        ],
        [
            1,
            1,
            0.792
        ],
        [
            1,
            1,
            0.8250000000000001
        ],
        [
            1,
            1,
            0.8580000000000001
        ],
        [
            1,
            1,
            0.891
        ],
        [
            1,
            1,
            0.924
        ],
        [
            1,
            1,
            0.9570000000000001
        ],
        [
            1,
            1,
            0.99
        ],
        [
            1,
            1,
            1.0230000000000001
        ],
        [
            1,
            1,
            1.056
        ],
        [
            1,
            1,
            1.089
        ],
        [
            1,
            1,
            1.122
        ],
        [
            1,
            1,
            1.155
        ],
        [
            1,
            1,
            1.1880000000000002
        ],
        [
            1,
            1,
            1.221
        ],
        [
            1,
            1,
            1.254
        ],
        [
            1,
            1,
            1.2870000000000001
        ],
        [
            1,
            1,
            1.32
        ],
        [
            1,
            1,
            1.353
        ],
        [
            1,
            1,
            1.3860000000000001
        ],
        [
            1,
            1,
            1.419
        ],
        [
            1,
            1,
            1.452
        ],
        [
            1,
            1,
            1.485
        ],
        [
            1,
            1,
            1.518
        ],
        [
            1,
            1,
            1.5510000000000002
        ],
        [
            1,
            1,
            1.584
        ],
        [
            1,
            1,
            1.617
        ],
        [
            1,
            1,
            1.6500000000000001
        ],
        [
            1,
            1,
            1.683
        ],
        [
            1,
            1,
            1.7160000000000002
        ],
        [
            1,
            1,
            1.749
        ],
        [
            1,
            1,
            1.782
        ],
        [
            1,
            1,
            1.8150000000000002
        ],
        [
            1,
            1,
            1.848
        ],
        [
            1,
            1,
            1.881
        ],
        [
            1,
            1,
            1.9140000000000001
        ],
        [
            1,
            1,
            1.947
        ],
        [
            1,
            1,
            1.98
        ],
        [
            1,
            1,
            2.013
        ],
        [
            1,
            1,
            2.0460000000000003
        ],
        [
            1,
            1,
            2.079
        ],
        [
            1,
            1,
            2.112
        ],
        [
            1,
            1,
            2.145
        ],
        [
            1,
            1,
            2.178
        ],
        [
            1,
            1,
            2.2110000000000003
        ],
        [
            1,
            1,
            2.244
        ],
        [
            1,
            1,
            2.277
        ],
        [
            1,
            1,
            2.31
        ],
        [
            1,
            1,
            2.343
        ],
        [
            1,
            1,
            2.3760000000000003
        ],
        [
            1,
            1,
            2.4090000000000003
        ],
        [
            1,
            1,
            2.442
        ],
        [
            1,
            1,
            2.475
        ],
        [
            1,
            1,
            2.508
        ],
        [
            1,
            1,
            2.541
        ],
        [
            1,
            1,
            2.5740000000000003
        ],
        [
            1,
            1,
            2.607
        ],
        [
            1,
            1,
            2.64
        ],
        [
            1,
            1,
            2.673
        ],
        [
            1,
            1,
            2.706
        ],
        [
            1,
            1,
            2.7390000000000003
        ],
        [
            1,
            1,
            2.7720000000000002
        ],
        [
            1,
            1,
            2.805
        ],
        [
            1,
            1,
            2.838
        ],
        [
            1,
            1,
            2.871
        ],
        [
            1,
            1,
            2.904
        ],
        [
            1,
            1,
            2.9370000000000003
        ],
        [
            1,
            1,
            2.97
        ],
        [
            1,
            1,
            3.003
        ],
        [
            1,
            1,
            3.036
        ],
        [
            1,
            1,
            3.069
        ],
        [
            1,
            1,
            3.1020000000000003
        ],
        [
            1,
            1,
            3.1350000000000002
        ],
        [
            1,
            1,
            3.168
        ],
        [
            1,
            1,
            3.201
        ],
        [
            1,
            1,
            3.234
        ],
        [
            1,
            1,
            3.2670000000000003
        ],
        [
            1,
            1,
            3.3000000000000003
        ],
        [
            1,
            1,
            3.333
        ],
        [
            1,
            1,
            3.366
        ],
        [
            1,
            1,
            3.399
        ],
        [
            1,
            1,
            3.4320000000000004
        ],
        [
            1,
            1,
            3.4650000000000003
        ],
        [
            1,
            1,
            3.498
        ],
        [
            1,
            1,
            3.531
        ],
        [
            1,
            1,
