{
    "room_dim": [
        5,
        5,
        5
    ],
    "rt60": 0.2,
    "mic_amount": 4,
    "mic_start": [
        1,
        1,
        1
    ],
    "mic_dist": [
        0.05,
        0.05101,
        0.05202,
        0.05303,
        0.05404,
        0.055051,
        0.056061,
        0.057071,
        0.058081,
        0.059091,
        0.060101,
        0.061111,
        0.062121,
        0.063131,
        0.064141,
        0.065152,
        0.066162,
        0.067172,
        0.068182,
        0.069192,
        0.070202,
        0.071212,
        0.072222,
        0.073232,
        0.074242,
        0.075253,
        0.076263,
        0.077273,
        0.078283,
        0.079293,
        0.080303,
        0.081313,
        0.082323,
        0.083333,
        0.084343,
        0.085354,
        0.086364,
        0.087374,
        0.088384,
        0.089394,
        0.090404,
        0.091414,
        0.092424,
        0.093434,
        0.094444,
        0.095455,
        0.096465,
        0.097475,
        0.098485,
        0.099495,
        0.100505,
        0.101515,
        0.102525,
        0.103535,
        0.104545,
        0.105556,
        0.106566,
        0.107576,
        0.108586,
        0.109596,
        0.110606,
        0.111616,
        0.112626,
        0.113636,
        0.114646,
        0.115657,
        0.116667,
        0.117677,
        0.118687,
        0.119697,
        0.120707,
        0.121717,
        0.122727,
        0.123737,
        0.124747,
        0.125758,
        0.126768,
        0.127778,
        0.128788,
        0.129798,
        0.130808,
        0.131818,
        0.132828,
        0.133838,
        0.134848,
        0.135859,
        0.136869,
        0.137879,
        0.138889,
        0.139899,
        0.140909,
        0.141919,
        0.142929,
        0.143939,
        0.144949,
        0.14596,
        0.14697,
        0.14798,
        0.14899,
        0.15
    ],
    "source_pos": [
        2.5,
        2.5,
        1
    ],
    "fs": 44100,
    "snr": 0
}