{
    "room_dim": [
        5,
        5,
        5
    ],
    "rt60": 0.5,
    "mic_amount": 4,
    "mic_start": [
        1,
        1,
        2.5
    ],
    "mic_dist": 0.1,
    "source_pos": [
        [
            2.5,
            2.5,
            0.0
        ],
        [
            2.5,
            2.5,
            0.102041
        ],
        [
            2.5,
            2.5,
            0.204082
        ],
        [
            2.5,
            2.5,
            0.306122
        ],
        [
            2.5,
            2.5,
            0.408163
        ],
        [
            2.5,
            2.5,
            0.510204
        ],
        [
            2.5,
            2.5,
            0.612245
        ],
        [
            2.5,
            2.5,
            0.714286
        ],
        [
            2.5,
            2.5,
            0.816327
        ],
        [
            2.5,
            2.5,
            0.918367
        ],
        [
            2.5,
            2.5,
            1.020408
        ],
        [
            2.5,
            2.5,
            1.122449
        ],
        [
            2.5,
            2.5,
            1.22449
        ],
        [
            2.5,
            2.5,
            1.326531
        ],
        [
            2.5,
            2.5,
            1.428571
        ],
        [
            2.5,
            2.5,
            1.530612
        ],
        [
            2.5,
            2.5,
            1.632653
        ],
        [
            2.5,
            2.5,
            1.734694
        ],
        [
            2.5,
            2.5,
            1.836735
        ],
        [
            2.5,
            2.5,
            1.938776
        ],
        [
            2.5,
            2.5,
            2.040816
        ],
        [
            2.5,
            2.5,
            2.142857
        ],
        [
            2.5,
            2.5,
            2.244898
        ],
        [
            2.5,
            2.5,
            2.346939
        ],
        [
            2.5,
            2.5,
            2.44898
        ],
        [
            2.5,
            2.5,
            2.55102
        ],
        [
            2.5,
            2.5,
            2.653061
        ],
        [
            2.5,
            2.5,
            2.755102
        ],
        [
            2.5,
            2.5,
            2.857143
        ],
        [
            2.5,
            2.5,
            2.959184
        ],
        [
            2.5,
            2.5,
            3.061224
        ],
        [
            2.5,
            2.5,
            3.163265
        ],
        [
            2.5,
            2.5,
            3.265306
        ],
        [
            2.5,
            2.5,
            3.367347
        ],
        [
            2.5,
            2.5,
            3.469388
        ],
        [
            2.5,
            2.5,
            3.571429
        ],
        [
            2.5,
            2.5,
            3.673469
        ],
        [
            2.5,
            2.5,
            3.77551
        ],
        [
            2.5,
            2.5,
            3.877551
        ],
        [
            2.5,
            2.5,
            3.979592
        ],
        [
            2.5,
            2.5,
            4.081633
        ],
        [
            2.5,
            2.5,
            4.183673
        ],
        [
            2.5,
            2.5,
            4.285714
        ],
        [
            2.5,
            2.5,
            4.387755
        ],
        [
            2.5,
            2.5,
            4.489796
        ],
        [
            2.5,
            2.5,
            4.591837
        ],
        [
            2.5,
            2.5,
            4.693878
        ],
        [
            2.5,
            2.5,
            4.795918
        ],
        [
            2.5,
            2.5,
            4.897959
        ],
        [
            2.5,
            2.5,
            5.0
        ]
    ],
    "fs": 48000,
    "snr": 0
}