{
    "room_dim": [
        5,
        5,
        5
    ],
    "rt60": [
        0.2,
        0.277551,
        0.355102,
        0.432653,
        0.510204,
        0.587755,
        0.665306,
        0.742857,
        0.820408,
        0.897959,
        0.97551,
        1.053061,
        1.130612,
        1.208163,
        1.285714,
        1.363265,
        1.440816,
        1.518367,
        1.595918,
        1.673469,
        1.75102,
        1.828571,
        1.906122,
        1.983673,
        2.061224,
        2.138776,
        2.216327,
        2.293878,
        2.371429,
        2.44898,
        2.526531,
        2.604082,
        2.681633,
        2.759184,
        2.836735,
        2.914286,
        2.991837,
        3.069388,
        3.146939,
        3.22449,
        3.302041,
        3.379592,
        3.457143,
        3.534694,
        3.612245,
        3.689796,
        3.767347,
        3.844898,
        3.922449,
        4.0
    ],
    "mic_amount": 4,
    "mic_start": [
        1,
        1,
        2.5
    ],
    "mic_dist": 0.1,
    "source_pos": [
        2.5,
        2.5,
        2.5
    ],
    "fs": 48000,
    "snr": 0
}