{
    "room_dim": [
        5,
        5,
        5
    ],
    "rt60": [
        0.0,
        0.026845637583892617,
        0.053691275167785234,
        0.08053691275167785,
        0.10738255033557047,
        0.1342281879194631,
        0.1610738255033557,
        0.18791946308724833,
        0.21476510067114093,
        0.24161073825503354,
        0.2684563758389262,
        0.2953020134228188,
        0.3221476510067114,
        0.348993288590604,
        0.37583892617449666,
        0.40268456375838924,
        0.42953020134228187,
        0.4563758389261745,
        0.4832214765100671,
        0.5100671140939598,
        0.5369127516778524,
        0.5637583892617449,
        0.5906040268456376,
        0.6174496644295302,
        0.6442953020134228,
        0.6711409395973155,
        0.697986577181208,
        0.7248322147651006,
        0.7516778523489933,
        0.7785234899328859,
        0.8053691275167785,
        0.8322147651006712,
        0.8590604026845637,
        0.8859060402684563,
        0.912751677852349,
        0.9395973154362416,
        0.9664429530201342,
        0.9932885906040269,
        1.0201342281879195,
        1.0469798657718121,
        1.0738255033557047,
        1.1006711409395973,
        1.1275167785234899,
        1.1543624161073824,
        1.1812080536912752,
        1.2080536912751678,
        1.2348993288590604,
        1.261744966442953,
        1.2885906040268456,
        1.3154362416107381,
        1.342281879194631,
        1.3691275167785235,
        1.395973154362416,
        1.4228187919463087,
        1.4496644295302012,
        1.4765100671140938,
        1.5033557046979866,
        1.5302013422818792,
        1.5570469798657718,
        1.5838926174496644,
        1.610738255033557,
        1.6375838926174495,
        1.6644295302013423,
        1.691275167785235,
        1.7181208053691275,
        1.74496644295302,
        1.7718120805369126,
        1.7986577181208054,
        1.825503355704698,
        1.8523489932885906,
        1.8791946308724832,
        1.9060402684563758,
        1.9328859060402683,
        1.9597315436241611,
        1.9865771812080537,
        2.013422818791946,
        2.040268456375839,
        2.0671140939597317,
        2.0939597315436242,
        2.120805369127517,
        2.1476510067114094,
        2.174496644295302,
        2.2013422818791946,
        2.228187919463087,
        2.2550335570469797,
        2.2818791946308723,
        2.308724832214765,
        2.3355704697986575,
        2.3624161073825505,
        2.389261744966443,
        2.4161073825503356,
        2.442953020134228,
        2.469798657718121,
        2.4966442953020134,
        2.523489932885906,
        2.5503355704697985,
        2.577181208053691,
        2.6040268456375837,
        2.6308724832214763,
        2.6577181208053693,
        2.684563758389262,
        2.7114093959731544,
        2.738255033557047,
        2.7651006711409396,
        2.791946308724832,
        2.8187919463087248,
        2.8456375838926173,
        2.87248322147651,
        2.8993288590604025,
        2.926174496644295,
        2.9530201342281877,
        2.9798657718120807,
        3.0067114093959733,
        3.033557046979866,
        3.0604026845637584,
        3.087248322147651,
        3.1140939597315436,
        3.140939597315436,
        3.1677852348993287,
        3.1946308724832213,
        3.221476510067114,
        3.2483221476510065,
        3.275167785234899,
        3.302013422818792,
        3.3288590604026846,
        3.3557046979865772,
        3.38255033557047,
        3.4093959731543624,
        3.436241610738255,
        3.4630872483221475,
        3.48993288590604,
        3.5167785234899327,
        3.5436241610738253,
        3.570469798657718,
        3.597315436241611,
        3.6241610738255035,
        3.651006711409396,
        3.6778523489932886,
        3.704697986577181,
        3.7315436241610738,
        3.7583892617449663,
        3.785234899328859,
        3.8120805369127515,
        3.838926174496644,
        3.8657718120805367,
        3.8926174496644292,
        3.9194630872483223,
        3.946308724832215,
        3.9731543624161074,
        4.0
    ],
    "mic_amount": 4,
    "mic_start": [
        0,
        0,
        2.5
    ],
    "mic_dist": 0.1,
    "source_pos": [
        2.5,
        2.5,
        2.5
    ],
    "fs": 48000
}