{
    "room_dim": [
        5,
        5,
        5
    ],
    "rt60": 0.2,
    "mic_amount": 4,
    "mic_start": [
        1,
        1,
        2.5
    ],
    "mic_dist": 0.1,
    "source_pos": [
        2.5,
        2.5,
        2.5
    ],
    "fs": 48000,
    "snr": [
        80.0,
        78.571429,
        77.142857,
        75.714286,
        74.285714,
        72.857143,
        71.428571,
        70.0,
        68.571429,
        67.142857,
        65.714286,
        64.285714,
        62.857143,
        61.428571,
        60.0,
        58.571429,
        57.142857,
        55.714286,
        54.285714,
        52.857143,
        51.428571,
        50.0,
        48.571429,
        47.142857,
        45.714286,
        44.285714,
        42.857143,
        41.428571,
        40.0,
        38.571429,
        37.142857,
        35.714286,
        34.285714,
        32.857143,
        31.428571,
        30.0,
        28.571429,
        27.142857,
        25.714286,
        24.285714,
        22.857143,
        21.428571,
        20.0,
        18.571429,
        17.142857,
        15.714286,
        14.285714,
        12.857143,
        11.428571,
        10.0
    ]
}