{
    "room_dim": [
        5,
        5,
        5
    ],
    "rt60": 0.5,
    "mic_amount": 4,
    "mic_start": [
        1,
        1,
        2.5
    ],
    "mic_dist": 0.1,
    "source_pos": [
        2.5,
        2.5,
        2.5
    ],
    "fs": 48000,
    "snr": [
        80.0,
        79.530201,
        79.060403,
        78.590604,
        78.120805,
        77.651007,
        77.181208,
        76.711409,
        76.241611,
        75.771812,
        75.302013,
        74.832215,
        74.362416,
        73.892617,
        73.422819,
        72.95302,
        72.483221,
        72.013423,
        71.543624,
        71.073826,
        70.604027,
        70.134228,
        69.66443,
        69.194631,
        68.724832,
        68.255034,
        67.785235,
        67.315436,
        66.845638,
        66.375839,
        65.90604,
        65.436242,
        64.966443,
        64.496644,
        64.026846,
        63.557047,
        63.087248,
        62.61745,
        62.147651,
        61.677852,
        61.208054,
        60.738255,
        60.268456,
        59.798658,
        59.328859,
        58.85906,
        58.389262,
        57.919463,
        57.449664,
        56.979866,
        56.510067,
        56.040268,
        55.57047,
        55.100671,
        54.630872,
        54.161074,
        53.691275,
        53.221477,
        52.751678,
        52.281879,
        51.812081,
        51.342282,
        50.872483,
        50.402685,
        49.932886,
        49.463087,
        48.993289,
        48.52349,
        48.053691,
        47.583893,
        47.114094,
        46.644295,
        46.174497,
        45.704698,
        45.234899,
        44.765101,
        44.295302,
        43.825503,
        43.355705,
        42.885906,
        42.416107,
        41.946309,
        41.47651,
        41.006711,
        40.536913,
        40.067114,
        39.597315,
        39.127517,
        38.657718,
        38.187919,
        37.718121,
        37.248322,
        36.778523,
        36.308725,
        35.838926,
        35.369128,
        34.899329,
        34.42953,
        33.959732,
        33.489933,
        33.020134,
        32.550336,
        32.080537,
        31.610738,
        31.14094,
        30.671141,
        30.201342,
        29.731544,
        29.261745,
        28.791946,
        28.322148,
        27.852349,
        27.38255,
        26.912752,
        26.442953,
        25.973154,
        25.503356,
        25.033557,
        24.563758,
        24.09396,
        23.624161,
        23.154362,
        22.684564,
        22.214765,
        21.744966,
        21.275168,
        20.805369,
        20.33557,
        19.865772,
        19.395973,
        18.926174,
        18.456376,
        17.986577,
        17.516779,
        17.04698,
        16.577181,
        16.107383,
        15.637584,
        15.167785,
        14.697987,
        14.228188,
        13.758389,
        13.288591,
        12.818792,
        12.348993,
        11.879195,
        11.409396,
        10.939597,
        10.469799,
        10.0
    ]
}