{
    "room_dim": [
        5,
        5,
        5
    ],
    "rt60": 0.5,
    "mic_amount": 4,
    "mic_start": [
        1,
        1,
        2.5
    ],
    "mic_dist": 0.1,
    "source_pos": [
        2.5,
        2.5,
        2.5
    ],
    "fs": 48000,
    "snr": [
        100.0,
        99.395973,
        98.791946,
        98.187919,
        97.583893,
        96.979866,
        96.375839,
        95.771812,
        95.167785,
        94.563758,
        93.959732,
        93.355705,
        92.751678,
        92.147651,
        91.543624,
        90.939597,
        90.33557,
        89.731544,
        89.127517,
        88.52349,
        87.919463,
        87.315436,
        86.711409,
        86.107383,
        85.503356,
        84.899329,
        84.295302,
        83.691275,
        83.087248,
        82.483221,
        81.879195,
        81.275168,
        80.671141,
        80.067114,
        79.463087,
        78.85906,
        78.255034,
        77.651007,
        77.04698,
        76.442953,
        75.838926,
        75.234899,
        74.630872,
        74.026846,
        73.422819,
        72.818792,
        72.214765,
        71.610738,
        71.006711,
        70.402685,
        69.798658,
        69.194631,
        68.590604,
        67.986577,
        67.38255,
        66.778523,
        66.174497,
        65.57047,
        64.966443,
        64.362416,
        63.758389,
        63.154362,
        62.550336,
        61.946309,
        61.342282,
        60.738255,
        60.134228,
        59.530201,
        58.926174,
        58.322148,
        57.718121,
        57.114094,
        56.510067,
        55.90604,
        55.302013,
        54.697987,
        54.09396,
        53.489933,
        52.885906,
        52.281879,
        51.677852,
        51.073826,
        50.469799,
        49.865772,
        49.261745,
        48.657718,
        48.053691,
        47.449664,
        46.845638,
        46.241611,
        45.637584,
        45.033557,
        44.42953,
        43.825503,
        43.221477,
        42.61745,
        42.013423,
        41.409396,
        40.805369,
        40.201342,
        39.597315,
        38.993289,
        38.389262,
        37.785235,
        37.181208,
        36.577181,
        35.973154,
        35.369128,
        34.765101,
        34.161074,
        33.557047,
        32.95302,
        32.348993,
        31.744966,
        31.14094,
        30.536913,
        29.932886,
        29.328859,
        28.724832,
        28.120805,
        27.516779,
        26.912752,
        26.308725,
        25.704698,
        25.100671,
        24.496644,
        23.892617,
        23.288591,
        22.684564,
        22.080537,
        21.47651,
        20.872483,
        20.268456,
        19.66443,
        19.060403,
        18.456376,
        17.852349,
        17.248322,
        16.644295,
        16.040268,
        15.436242,
        14.832215,
        14.228188,
        13.624161,
        13.020134,
        12.416107,
        11.812081,
        11.208054,
        10.604027,
        10.0
    ]
}