{
    "room_dim": [
        5,
        5,
        5
    ],
    "rt60": [
        0.2,
        0.22,
        0.24000000000000002,
        0.26,
        0.28,
        0.30000000000000004,
        0.32,
        0.34,
        0.36,
        0.38,
        0.4,
        0.42000000000000004,
        0.44,
        0.46,
        0.48000000000000004,
        0.5,
        0.52,
        0.54,
        0.56,
        0.5800000000000001,
        0.6000000000000001,
        0.62,
        0.64,
        0.66,
        0.6799999999999999,
        0.7,
        0.72,
        0.74,
        0.76,
        0.78,
        0.8,
        0.8200000000000001,
        0.8400000000000001,
        0.8600000000000001,
        0.8800000000000001,
        0.9000000000000001,
        0.9199999999999999,
        0.94,
        0.96,
        0.98,
        1.0,
        1.02,
        1.04,
        1.06,
        1.08,
        1.1,
        1.12,
        1.1400000000000001,
        1.16,
        1.18,
        1.2,
        1.22,
        1.24,
        1.26,
        1.28,
        1.3,
        1.32,
        1.34,
        1.3599999999999999,
        1.38,
        1.4,
        1.42,
        1.44,
        1.46,
        1.48,
        1.5,
        1.52,
        1.54,
        1.56,
        1.58,
        1.6,
        1.6199999999999999,
        1.64,
        1.66,
        1.68,
        1.7,
        1.72,
        1.74,
        1.76,
        1.78,
        1.8,
        1.82,
        1.84,
        1.86,
        1.88,
        1.9,
        1.92,
        1.94,
        1.96,
        1.98,
        2.0,
        2.02,
        2.04,
        2.06,
        2.08,
        2.1,
        2.12,
        2.14,
        2.16,
        2.18,
        2.2,
        2.22,
        2.24,
        2.2600000000000002,
        2.2800000000000002,
        2.3000000000000003,
        2.3200000000000003,
        2.3400000000000003,
        2.3600000000000003,
        2.3800000000000003,
        2.4000000000000004,
        2.4200000000000004,
        2.4400000000000004,
        2.4600000000000004,
        2.4800000000000004,
        2.5000000000000004,
        2.52,
        2.54,
        2.56,
        2.58,
        2.6,
        2.62,
        2.64,
        2.66,
        2.68,
        2.7,
        2.72,
        2.74,
        2.7600000000000002,
        2.7800000000000002,
        2.8000000000000003,
        2.8200000000000003,
        2.8400000000000003,
        2.8600000000000003,
        2.8800000000000003,
        2.9000000000000004,
        2.9200000000000004,
        2.9400000000000004,
        2.9600000000000004,
        2.9800000000000004,
        3.0000000000000004,
        3.02,
        3.04,
        3.06,
        3.08,
        3.1,
        3.12,
        3.14,
        3.16,
        3.18
    ],
    "mic_amount": 4,
    "mic_start": [
        1,
        1,
        1
    ],
    "mic_dist": 0.1,
    "source_pos": [
        1,
        2.5,
        1
    ],
    "fs": 48000
}