{
    "room_dim": [
        5,
        5,
        5
    ],
    "rt60": 0.2,
    "mic_amount": 4,
    "mic_start": [
        [
            0.0,
            1.0,
            2.5
        ],
        [
            0.093878,
            1.0,
            2.5
        ],
        [
            0.187755,
            1.0,
            2.5
        ],
        [
            0.281633,
            1.0,
            2.5
        ],
        [
            0.37551,
            1.0,
            2.5
        ],
        [
            0.469388,
            1.0,
            2.5
        ],
        [
            0.563265,
            1.0,
            2.5
        ],
        [
            0.657143,
            1.0,
            2.5
        ],
        [
            0.75102,
            1.0,
            2.5
        ],
        [
            0.844898,
            1.0,
            2.5
        ],
        [
            0.938776,
            1.0,
            2.5
        ],
        [
            1.032653,
            1.0,
            2.5
        ],
        [
            1.126531,
            1.0,
            2.5
        ],
        [
            1.220408,
            1.0,
            2.5
        ],
        [
            1.314286,
            1.0,
            2.5
        ],
        [
            1.408163,
            1.0,
            2.5
        ],
        [
            1.502041,
            1.0,
            2.5
        ],
        [
            1.595918,
            1.0,
            2.5
        ],
        [
            1.689796,
            1.0,
            2.5
        ],
        [
            1.783673,
            1.0,
            2.5
        ],
        [
            1.877551,
            1.0,
            2.5
        ],
        [
            1.971429,
            1.0,
            2.5
        ],
        [
            2.065306,
            1.0,
            2.5
        ],
        [
            2.159184,
            1.0,
            2.5
        ],
        [
            2.253061,
            1.0,
            2.5
        ],
        [
            2.346939,
            1.0,
            2.5
        ],
        [
            2.440816,
            1.0,
            2.5
        ],
        [
            2.534694,
            1.0,
            2.5
        ],
        [
            2.628571,
            1.0,
            2.5
        ],
        [
            2.722449,
            1.0,
            2.5
        ],
        [
            2.816327,
            1.0,
            2.5
        ],
        [
            2.910204,
            1.0,
            2.5
        ],
        [
            3.004082,
            1.0,
            2.5
        ],
        [
            3.097959,
            1.0,
            2.5
        ],
        [
            3.191837,
            1.0,
            2.5
        ],
        [
            3.285714,
            1.0,
            2.5
        ],
        [
            3.379592,
            1.0,
            2.5
        ],
        [
            3.473469,
            1.0,
            2.5
        ],
        [
            3.567347,
            1.0,
            2.5
        ],
        [
            3.661224,
            1.0,
            2.5
        ],
        [
            3.755102,
            1.0,
            2.5
        ],
        [
            3.84898,
            1.0,
            2.5
        ],
        [
            3.942857,
            1.0,
            2.5
        ],
        [
            4.036735,
            1.0,
            2.5
        ],
        [
            4.130612,
            1.0,
            2.5
        ],
        [
            4.22449,
            1.0,
            2.5
        ],
        [
            4.318367,
            1.0,
            2.5
        ],
        [
            4.412245,
            1.0,
            2.5
        ],
        [
            4.506122,
            1.0,
            2.5
        ],
        [
            4.6,
            1.0,
            2.5
        ]
    ],
    "mic_dist": 0.1,
    "source_pos": [
        2.5,
        2.5,
        2.5
    ],
    "fs": 48000,
    "snr": 0
}