{
    "room_dim": [
        5,
        5,
        5
    ],
    "rt60": 0.5,
    "mic_amount": 4,
    "mic_start": [
        1,
        1,
        2.5
    ],
    "mic_dist": 0.1,
    "source_pos": [
        2.5,
        2.5,
        2.5
    ],
    "fs": [
        500.0,
        1785.234899,
        3070.469799,
        4355.704698,
        5640.939597,
        6926.174497,
        8211.409396,
        9496.644295,
        10781.879195,
        12067.114094,
        13352.348993,
        14637.583893,
        15922.818792,
        17208.053691,
        18493.288591,
        19778.52349,
        21063.758389,
        22348.993289,
        23634.228188,
        24919.463087,
        26204.697987,
        27489.932886,
        28775.167785,
        30060.402685,
        31345.637584,
        32630.872483,
        33916.107383,
        35201.342282,
        36486.577181,
        37771.812081,
        39057.04698,
        40342.281879,
        41627.516779,
        42912.751678,
        44197.986577,
        45483.221477,
        46768.456376,
        48053.691275,
        49338.926174,
        50624.161074,
        51909.395973,
        53194.630872,
        54479.865772,
        55765.100671,
        57050.33557,
        58335.57047,
        59620.805369,
        60906.040268,
        62191.275168,
        63476.510067,
        64761.744966,
        66046.979866,
        67332.214765,
        68617.449664,
        69902.684564,
        71187.919463,
        72473.154362,
        73758.389262,
        75043.624161,
        76328.85906,
        77614.09396,
        78899.328859,
        80184.563758,
        81469.798658,
        82755.033557,
        84040.268456,
        85325.503356,
        86610.738255,
        87895.973154,
        89181.208054,
        90466.442953,
        91751.677852,
        93036.912752,
        94322.147651,
        95607.38255,
        96892.61745,
        98177.852349,
        99463.087248,
        100748.322148,
        102033.557047,
        103318.791946,
        104604.026846,
        105889.261745,
        107174.496644,
        108459.731544,
        109744.966443,
        111030.201342,
        112315.436242,
        113600.671141,
        114885.90604,
        116171.14094,
        117456.375839,
        118741.610738,
        120026.845638,
        121312.080537,
        122597.315436,
        123882.550336,
        125167.785235,
        126453.020134,
        127738.255034,
        129023.489933,
        130308.724832,
        131593.959732,
        132879.194631,
        134164.42953,
        135449.66443,
        136734.899329,
        138020.134228,
        139305.369128,
        140590.604027,
        141875.838926,
        143161.073826,
        144446.308725,
        145731.543624,
        147016.778523,
        148302.013423,
        149587.248322,
        150872.483221,
        152157.718121,
        153442.95302,
        154728.187919,
        156013.422819,
        157298.657718,
        158583.892617,
        159869.127517,
        161154.362416,
        162439.597315,
        163724.832215,
        165010.067114,
        166295.302013,
        167580.536913,
        168865.771812,
        170151.006711,
        171436.241611,
        172721.47651,
        174006.711409,
        175291.946309,
        176577.181208,
        177862.416107,
        179147.651007,
        180432.885906,
        181718.120805,
        183003.355705,
        184288.590604,
        185573.825503,
        186859.060403,
        188144.295302,
        189429.530201,
        190714.765101,
        192000.0
    ],
    "snr": 0
}