{
    "room_dim": [
        5,
        5,
        5
    ],
    "rt60": 0.2,
    "mic_amount": 4,
    "mic_start": [
        1,
        1,
        2.5
    ],
    "mic_dist": 0.1,
    "source_pos": [
        2.5,
        2.5,
        2.5
    ],
    "fs": [
        500.0,
        4408.163265,
        8316.326531,
        12224.489796,
        16132.653061,
        20040.816327,
        23948.979592,
        27857.142857,
        31765.306122,
        35673.469388,
        39581.632653,
        43489.795918,
        47397.959184,
        51306.122449,
        55214.285714,
        59122.44898,
        63030.612245,
        66938.77551,
        70846.938776,
        74755.102041,
        78663.265306,
        82571.428571,
        86479.591837,
        90387.755102,
        94295.918367,
        98204.081633,
        102112.244898,
        106020.408163,
        109928.571429,
        113836.734694,
        117744.897959,
        121653.061224,
        125561.22449,
        129469.387755,
        133377.55102,
        137285.714286,
        141193.877551,
        145102.040816,
        149010.204082,
        152918.367347,
        156826.530612,
        160734.693878,
        164642.857143,
        168551.020408,
        172459.183673,
        176367.346939,
        180275.510204,
        184183.673469,
        188091.836735,
        192000.0
    ],
    "snr": 0
}