{
    "room_dim": [
        5,
        5,
        5
    ],
    "rt60": 0.5,
    "mic_amount": 4,
    "mic_start": [
        [
            0.0,
            1.0,
            1.0
        ],
        [
            0.03355704697986577,
            1.0,
            1.0
        ],
        [
            0.06711409395973154,
            1.0,
            1.0
        ],
        [
            0.10067114093959731,
            1.0,
            1.0
        ],
        [
            0.1342281879194631,
            1.0,
            1.0
        ],
        [
            0.16778523489932887,
            1.0,
            1.0
        ],
        [
            0.20134228187919462,
            1.0,
            1.0
        ],
        [
            0.2348993288590604,
            1.0,
            1.0
        ],
        [
            0.2684563758389262,
            1.0,
            1.0
        ],
        [
            0.30201342281879195,
            1.0,
            1.0
        ],
        [
            0.33557046979865773,
            1.0,
            1.0
        ],
        [
            0.3691275167785235,
            1.0,
            1.0
        ],
        [
            0.40268456375838924,
            1.0,
            1.0
        ],
        [
            0.436241610738255,
            1.0,
            1.0
        ],
        [
            0.4697986577181208,
            1.0,
            1.0
        ],
        [
            0.5033557046979866,
            1.0,
            1.0
        ],
        [
            0.5369127516778524,
            1.0,
            1.0
        ],
        [
            0.5704697986577181,
            1.0,
            1.0
        ],
        [
            0.6040268456375839,
            1.0,
            1.0
        ],
        [
            0.6375838926174496,
            1.0,
            1.0
        ],
        [
            0.6711409395973155,
            1.0,
            1.0
        ],
        [
            0.7046979865771812,
            1.0,
            1.0
        ],
        [
            0.738255033557047,
            1.0,
            1.0
        ],
        [
            0.7718120805369127,
            1.0,
            1.0
        ],
        [
            0.8053691275167785,
            1.0,
            1.0
        ],
        [
            0.8389261744966443,
            1.0,
            1.0
        ],
        [
            0.87248322147651,
            1.0,
            1.0
        ],
        [
            0.9060402684563759,
            1.0,
            1.0
        ],
        [
            0.9395973154362416,
            1.0,
            1.0
        ],
        [
            0.9731543624161074,
            1.0,
            1.0
        ],
        [
            1.0067114093959733,
            1.0,
            1.0
        ],
        [
            1.0402684563758389,
            1.0,
            1.0
        ],
        [
            1.0738255033557047,
            1.0,
            1.0
        ],
        [
            1.1073825503355705,
            1.0,
            1.0
        ],
        [
            1.1409395973154361,
            1.0,
            1.0
        ],
        [
            1.174496644295302,
            1.0,
            1.0
        ],
        [
            1.2080536912751678,
            1.0,
            1.0
        ],
        [
            1.2416107382550337,
            1.0,
            1.0
        ],
        [
            1.2751677852348993,
            1.0,
            1.0
        ],
        [
            1.308724832214765,
            1.0,
            1.0
        ],
        [
            1.342281879194631,
            1.0,
            1.0
        ],
        [
            1.3758389261744965,
            1.0,
            1.0
        ],
        [
            1.4093959731543624,
            1.0,
            1.0
        ],
        [
            1.4429530201342282,
            1.0,
            1.0
        ],
        [
            1.476510067114094,
            1.0,
            1.0
        ],
        [
            1.5100671140939597,
            1.0,
            1.0
        ],
        [
            1.5436241610738255,
            1.0,
            1.0
        ],
        [
            1.5771812080536913,
            1.0,
            1.0
        ],
        [
            1.610738255033557,
            1.0,
            1.0
        ],
        [
            1.6442953020134228,
            1.0,
            1.0
        ],
        [
            1.6778523489932886,
            1.0,
            1.0
        ],
        [
            1.7114093959731544,
            1.0,
            1.0
        ],
        [
            1.74496644295302,
            1.0,
            1.0
        ],
        [
            1.778523489932886,
            1.0,
            1.0
        ],
        [
            1.8120805369127517,
            1.0,
            1.0
        ],
        [
            1.8456375838926176,
            1.0,
            1.0
        ],
        [
            1.8791946308724832,
            1.0,
            1.0
        ],
        [
            1.912751677852349,
            1.0,
            1.0
        ],
        [
            1.9463087248322148,
            1.0,
            1.0
        ],
        [
            1.9798657718120805,
            1.0,
            1.0
        ],
        [
            2.0134228187919465,
            1.0,
            1.0
        ],
        [
            2.046979865771812,
            1.0,
            1.0
        ],
        [
            2.0805369127516777,
            1.0,
            1.0
        ],
        [
            2.1140939597315436,
            1.0,
            1.0
        ],
        [
            2.1476510067114094,
            1.0,
            1.0
        ],
        [
            2.1812080536912752,
            1.0,
            1.0
        ],
        [
            2.214765100671141,
            1.0,
            1.0
        ],
        [
            2.248322147651007,
            1.0,
            1.0
        ],
        [
            2.2818791946308723,
            1.0,
            1.0
        ],
        [
            2.315436241610738,
            1.0,
            1.0
        ],
        [
            2.348993288590604,
            1.0,
            1.0
        ],
        [
            2.38255033557047,
            1.0,
            1.0
        ],
        [
            2.4161073825503356,
            1.0,
            1.0
        ],
        [
            2.4496644295302015,
            1.0,
            1.0
        ],
        [
            2.4832214765100673,
            1.0,
            1.0
        ],
        [
            2.5167785234899327,
            1.0,
            1.0
        ],
        [
            2.5503355704697985,
            1.0,
            1.0
        ],
        [
            2.5838926174496644,
            1.0,
            1.0
        ],
        [
            2.61744966442953,
            1.0,
            1.0
        ],
        [
            2.651006711409396,
            1.0,
            1.0
        ],
        [
            2.684563758389262,
            1.0,
            1.0
        ],
        [
            2.7181208053691277,
            1.0,
            1.0
        ],
        [
            2.751677852348993,
            1.0,
            1.0
        ],
        [
            2.785234899328859,
            1.0,
            1.0
        ],
        [
            2.8187919463087248,
            1.0,
            1.0
        ],
        [
            2.8523489932885906,
            1.0,
            1.0
        ],
        [
            2.8859060402684564,
            1.0,
            1.0
        ],
        [
            2.9194630872483223,
            1.0,
            1.0
        ],
        [
            2.953020134228188,
            1.0,
            1.0
        ],
        [
            2.9865771812080535,
            1.0,
            1.0
        ],
        [
            3.0201342281879193,
            1.0,
            1.0
        ],
        [
            3.053691275167785,
            1.0,
            1.0
        ],
