{
    "room_dim": [
        5,
        5,
        5
    ],
    "rt60": 0.2,
    "mic_amount": 4,
    "mic_start": [
        1,
        1,
        2.5
    ],
    "mic_dist": [
        0.05,
        0.052041,
        0.054082,
        0.056122,
        0.058163,
        0.060204,
        0.062245,
        0.064286,
        0.066327,
        0.068367,
        0.070408,
        0.072449,
        0.07449,
        0.076531,
        0.078571,
        0.080612,
        0.082653,
        0.084694,
        0.086735,
        0.088776,
        0.090816,
        0.092857,
        0.094898,
        0.096939,
        0.09898,
        0.10102,
        0.103061,
        0.105102,
        0.107143,
        0.109184,
        0.111224,
        0.113265,
        0.115306,
        0.117347,
        0.119388,
        0.121429,
        0.123469,
        0.12551,
        0.127551,
        0.129592,
        0.131633,
        0.133673,
        0.135714,
        0.137755,
        0.139796,
        0.141837,
        0.143878,
        0.145918,
        0.147959,
        0.15
    ],
    "source_pos": [
        2.5,
        2.5,
        2.5
    ],
    "fs": 48000,
    "snr": 0
}