{
    "room_dim": [
        5,
        5,
        5
    ],
    "rt60": [
        0.2,
        0.21000000000000002,
        0.22,
        0.23,
        0.24000000000000002,
        0.25,
        0.26,
        0.27,
        0.28,
        0.29000000000000004,
        0.30000000000000004,
        0.31,
        0.32,
        0.33,
        0.34,
        0.35,
        0.36,
        0.37,
        0.38,
        0.39,
        0.4,
        0.41000000000000003,
        0.42000000000000004,
        0.43000000000000005,
        0.44,
        0.45,
        0.46,
        0.47000000000000003,
        0.48000000000000004,
        0.49,
        0.5,
        0.51,
        0.52,
        0.53,
        0.54,
        0.55,
        0.56,
        0.5700000000000001,
        0.5800000000000001,
        0.5900000000000001,
        0.6000000000000001,
        0.6100000000000001,
        0.62,
        0.63,
        0.64,
        0.65,
        0.66,
        0.67,
        0.6799999999999999,
        0.69
    ],
    "mic_amount": 4,
    "mic_start": [
        1,
        1,
        1
    ],
    "mic_dist": 0.1,
    "source_pos": [
        1,
        2.5,
        1
    ],
    "fs": 48000
}