{
    "room_dim": [
        5,
        5,
        5
    ],
    "rt60": 0.5,
    "mic_amount": 4,
    "mic_start": [
        [
            0.0,
            1.0,
            2.5
        ],
        [
            0.033557,
            1.0,
            2.5
        ],
        [
            0.067114,
            1.0,
            2.5
        ],
        [
            0.100671,
            1.0,
            2.5
        ],
        [
            0.134228,
            1.0,
            2.5
        ],
        [
            0.167785,
            1.0,
            2.5
        ],
        [
            0.201342,
            1.0,
            2.5
        ],
        [
            0.234899,
            1.0,
            2.5
        ],
        [
            0.268456,
            1.0,
            2.5
        ],
        [
            0.302013,
            1.0,
            2.5
        ],
        [
            0.33557,
            1.0,
            2.5
        ],
        [
            0.369128,
            1.0,
            2.5
        ],
        [
            0.402685,
            1.0,
            2.5
        ],
        [
            0.436242,
            1.0,
            2.5
        ],
        [
            0.469799,
            1.0,
            2.5
        ],
        [
            0.503356,
            1.0,
            2.5
        ],
        [
            0.536913,
            1.0,
            2.5
        ],
        [
            0.57047,
            1.0,
            2.5
        ],
        [
            0.604027,
            1.0,
            2.5
        ],
        [
            0.637584,
            1.0,
            2.5
        ],
        [
            0.671141,
            1.0,
            2.5
        ],
        [
            0.704698,
            1.0,
            2.5
        ],
        [
            0.738255,
            1.0,
            2.5
        ],
        [
            0.771812,
            1.0,
            2.5
        ],
        [
            0.805369,
            1.0,
            2.5
        ],
        [
            0.838926,
            1.0,
            2.5
        ],
        [
            0.872483,
            1.0,
            2.5
        ],
        [
            0.90604,
            1.0,
            2.5
        ],
        [
            0.939597,
            1.0,
            2.5
        ],
        [
            0.973154,
            1.0,
            2.5
        ],
        [
            1.006711,
            1.0,
            2.5
        ],
        [
            1.040268,
            1.0,
            2.5
        ],
        [
            1.073826,
            1.0,
            2.5
        ],
        [
            1.107383,
            1.0,
            2.5
        ],
        [
            1.14094,
            1.0,
            2.5
        ],
        [
            1.174497,
            1.0,
            2.5
        ],
        [
            1.208054,
            1.0,
            2.5
        ],
        [
            1.241611,
            1.0,
            2.5
        ],
        [
            1.275168,
            1.0,
            2.5
        ],
        [
            1.308725,
            1.0,
            2.5
        ],
        [
            1.342282,
            1.0,
            2.5
        ],
        [
            1.375839,
            1.0,
            2.5
        ],
        [
            1.409396,
            1.0,
            2.5
        ],
        [
            1.442953,
            1.0,
            2.5
        ],
        [
            1.47651,
            1.0,
            2.5
        ],
        [
            1.510067,
            1.0,
            2.5
        ],
        [
            1.543624,
            1.0,
            2.5
        ],
        [
            1.577181,
            1.0,
            2.5
        ],
        [
            1.610738,
            1.0,
            2.5
        ],
        [
            1.644295,
            1.0,
            2.5
        ],
        [
            1.677852,
            1.0,
            2.5
        ],
        [
            1.711409,
            1.0,
            2.5
        ],
        [
            1.744966,
            1.0,
            2.5
        ],
        [
            1.778523,
            1.0,
            2.5
        ],
        [
            1.812081,
            1.0,
            2.5
        ],
        [
            1.845638,
            1.0,
            2.5
        ],
        [
            1.879195,
            1.0,
            2.5
        ],
        [
            1.912752,
            1.0,
            2.5
        ],
        [
            1.946309,
            1.0,
            2.5
        ],
        [
            1.979866,
            1.0,
            2.5
        ],
        [
            2.013423,
            1.0,
            2.5
        ],
        [
            2.04698,
            1.0,
            2.5
        ],
        [
            2.080537,
            1.0,
            2.5
        ],
        [
            2.114094,
            1.0,
            2.5
        ],
        [
            2.147651,
            1.0,
            2.5
        ],
        [
            2.181208,
            1.0,
            2.5
        ],
        [
            2.214765,
            1.0,
            2.5
        ],
        [
            2.248322,
            1.0,
            2.5
        ],
        [
            2.281879,
            1.0,
            2.5
        ],
        [
            2.315436,
            1.0,
            2.5
        ],
        [
            2.348993,
            1.0,
            2.5
        ],
        [
            2.38255,
            1.0,
            2.5
        ],
        [
            2.416107,
            1.0,
            2.5
        ],
        [
            2.449664,
            1.0,
            2.5
        ],
        [
            2.483221,
            1.0,
            2.5
        ],
        [
            2.516779,
            1.0,
            2.5
        ],
        [
            2.550336,
            1.0,
            2.5
        ],
        [
            2.583893,
            1.0,
            2.5
        ],
        [
            2.61745,
            1.0,
            2.5
        ],
        [
            2.651007,
            1.0,
            2.5
        ],
        [
            2.684564,
            1.0,
            2.5
        ],
        [
            2.718121,
            1.0,
            2.5
        ],
        [
            2.751678,
            1.0,
            2.5
        ],
        [
            2.785235,
            1.0,
            2.5
        ],
        [
            2.818792,
            1.0,
            2.5
        ],
        [
            2.852349,
            1.0,
            2.5
        ],
        [
            2.885906,
            1.0,
            2.5
        ],
        [
            2.919463,
            1.0,
            2.5
        ],
        [
            2.95302,
            1.0,
            2.5
        ],
        [
            2.986577,
            1.0,
            2.5
        ],
        [
            3.020134,
            1.0,
            2.5
        ],
        [
            3.053691,
            1.0,
            2.5
        ],
        [
            3.087248,
            1.0,
            2.5
        ],
        [
            3.120805,
            1.0,
            2.5
        ],
        [
            3.154362,
            1.0,
            2.5
        ],
        [
            3.187919,
            1.0,
            2.5
        ],
        [
            3.221477,
            1.0,
            2.5
        ],
        [
            3.255034,
            1.0,
            2.5
        ],
        [
            3.288591,
            1.0,
            2.5
        ],
        [
            3.322148,
            1.0,
            2.5
        ],
        [
            3.355705,
            1.0,
            2.5
        ],
        [
            3.389262,
            1.0,
            2.5
        ],
        [
            3.422819,
            1.0,
            2.5
        ],
        [
            3.456376,
            1.0,
            2.5
