{
    "room_dim": [
        5,
        5,
        5
    ],
    "rt60": 0.5,
    "mic_amount": 4,
    "mic_start": [
        0,
        0,
        2.5
    ],
    "mic_dist": 0.1,
    "source_pos": [
        [
            2.5,
            2.5,
            0.0
        ],
        [
            2.5,
            2.5,
            0.03355704697986577
        ],
        [
            2.5,
            2.5,
            0.06711409395973154
        ],
        [
            2.5,
            2.5,
            0.10067114093959731
        ],
        [
            2.5,
            2.5,
            0.1342281879194631
        ],
        [
            2.5,
            2.5,
            0.16778523489932887
        ],
        [
            2.5,
            2.5,
            0.20134228187919462
        ],
        [
            2.5,
            2.5,
            0.2348993288590604
        ],
        [
            2.5,
            2.5,
            0.2684563758389262
        ],
        [
            2.5,
            2.5,
            0.30201342281879195
        ],
        [
            2.5,
            2.5,
            0.33557046979865773
        ],
        [
            2.5,
            2.5,
            0.3691275167785235
        ],
        [
            2.5,
            2.5,
            0.40268456375838924
        ],
        [
            2.5,
            2.5,
            0.436241610738255
        ],
        [
            2.5,
            2.5,
            0.4697986577181208
        ],
        [
            2.5,
            2.5,
            0.5033557046979866
        ],
        [
            2.5,
            2.5,
            0.5369127516778524
        ],
        [
            2.5,
            2.5,
            0.5704697986577181
        ],
        [
            2.5,
            2.5,
            0.6040268456375839
        ],
        [
            2.5,
            2.5,
            0.6375838926174496
        ],
        [
            2.5,
            2.5,
            0.6711409395973155
        ],
        [
            2.5,
            2.5,
            0.7046979865771812
        ],
        [
            2.5,
            2.5,
            0.738255033557047
        ],
        [
            2.5,
            2.5,
            0.7718120805369127
        ],
        [
            2.5,
            2.5,
            0.8053691275167785
        ],
        [
            2.5,
            2.5,
            0.8389261744966443
        ],
        [
            2.5,
            2.5,
            0.87248322147651
        ],
        [
            2.5,
            2.5,
            0.9060402684563759
        ],
        [
            2.5,
            2.5,
            0.9395973154362416
        ],
        [
            2.5,
            2.5,
            0.9731543624161074
        ],
        [
            2.5,
            2.5,
            1.0067114093959733
        ],
        [
            2.5,
            2.5,
            1.0402684563758389
        ],
        [
            2.5,
            2.5,
            1.0738255033557047
        ],
        [
            2.5,
            2.5,
            1.1073825503355705
        ],
        [
            2.5,
            2.5,
            1.1409395973154361
        ],
        [
            2.5,
            2.5,
            1.174496644295302
        ],
        [
            2.5,
            2.5,
            1.2080536912751678
        ],
        [
            2.5,
            2.5,
            1.2416107382550337
        ],
        [
            2.5,
            2.5,
            1.2751677852348993
        ],
        [
            2.5,
            2.5,
            1.308724832214765
        ],
        [
            2.5,
            2.5,
            1.342281879194631
        ],
        [
            2.5,
            2.5,
            1.3758389261744965
        ],
        [
            2.5,
            2.5,
            1.4093959731543624
        ],
        [
            2.5,
            2.5,
            1.4429530201342282
        ],
        [
            2.5,
            2.5,
            1.476510067114094
        ],
        [
            2.5,
            2.5,
            1.5100671140939597
        ],
        [
            2.5,
            2.5,
            1.5436241610738255
        ],
        [
            2.5,
            2.5,
            1.5771812080536913
        ],
        [
            2.5,
            2.5,
            1.610738255033557
        ],
        [
            2.5,
            2.5,
            1.6442953020134228
        ],
        [
            2.5,
            2.5,
            1.6778523489932886
        ],
        [
            2.5,
            2.5,
            1.7114093959731544
        ],
        [
            2.5,
            2.5,
            1.74496644295302
        ],
        [
            2.5,
            2.5,
            1.778523489932886
        ],
        [
            2.5,
            2.5,
            1.8120805369127517
        ],
        [
            2.5,
            2.5,
            1.8456375838926176
        ],
        [
            2.5,
            2.5,
            1.8791946308724832
        ],
        [
            2.5,
            2.5,
            1.912751677852349
        ],
        [
            2.5,
            2.5,
            1.9463087248322148
        ],
        [
            2.5,
            2.5,
            1.9798657718120805
        ],
        [
            2.5,
            2.5,
            2.0134228187919465
        ],
        [
            2.5,
            2.5,
            2.046979865771812
        ],
        [
            2.5,
            2.5,
            2.0805369127516777
        ],
        [
            2.5,
            2.5,
            2.1140939597315436
        ],
        [
            2.5,
            2.5,
            2.1476510067114094
        ],
        [
            2.5,
            2.5,
            2.1812080536912752
        ],
        [
            2.5,
            2.5,
            2.214765100671141
        ],
        [
            2.5,
            2.5,
            2.248322147651007
        ],
        [
            2.5,
            2.5,
            2.2818791946308723
        ],
        [
            2.5,
            2.5,
            2.315436241610738
        ],
        [
            2.5,
            2.5,
            2.348993288590604
        ],
        [
            2.5,
            2.5,
            2.38255033557047
        ],
        [
            2.5,
            2.5,
            2.4161073825503356
        ],
        [
            2.5,
            2.5,
            2.4496644295302015
        ],
        [
            2.5,
            2.5,
            2.4832214765100673
        ],
        [
            2.5,
            2.5,
            2.5167785234899327
        ],
        [
            2.5,
            2.5,
            2.5503355704697985
        ],
        [
            2.5,
            2.5,
            2.5838926174496644
        ],
        [
            2.5,
            2.5,
            2.61744966442953
        ],
        [
            2.5,
            2.5,
            2.651006711409396
        ],
        [
            2.5,
            2.5,
            2.684563758389262
        ],
        [
            2.5,
            2.5,
            2.7181208053691277
        ],
        [
            2.5,
            2.5,
            2.751677852348993
        ],
        [
            2.5,
            2.5,
            2.785234899328859
        ],
        [
            2.5,
            2.5,
            2.8187919463087248
        ],
        [
            2.5,
            2.5,
            2.8523489932885906
        ],
        [
            2.5,
            2.5,
            2.8859060402684564
        ],
        [
            2.5,
            2.5,
            2.9194630872483223
        ],
        [
            2.5,
            2.5,
            2.953020134228188
        ],
        [
            2.5,
            2.5,
            2.9865771812080535
        ],
        [
            2.5,
            2.5,
            3.0201342281879193
        ],
        [
