{
    "room_dim": [
        5,
        5,
        5
    ],
    "rt60": 0.5,
    "mic_amount": 4,
    "mic_start": [
        [
            0.0,
            1.0,
            2.5
        ],
        [
            0.102041,
            1.0,
            2.5
        ],
        [
            0.204082,
            1.0,
            2.5
        ],
        [
            0.306122,
            1.0,
            2.5
        ],
        [
            0.408163,
            1.0,
            2.5
        ],
        [
            0.510204,
            1.0,
            2.5
        ],
        [
            0.612245,
            1.0,
            2.5
        ],
        [
            0.714286,
            1.0,
            2.5
        ],
        [
            0.816327,
            1.0,
            2.5
        ],
        [
            0.918367,
            1.0,
            2.5
        ],
        [
            1.020408,
            1.0,
            2.5
        ],
        [
            1.122449,
            1.0,
            2.5
        ],
        [
            1.22449,
            1.0,
            2.5
        ],
        [
            1.326531,
            1.0,
            2.5
        ],
        [
            1.428571,
            1.0,
            2.5
        ],
        [
            1.530612,
            1.0,
            2.5
        ],
        [
            1.632653,
            1.0,
            2.5
        ],
        [
            1.734694,
            1.0,
            2.5
        ],
        [
            1.836735,
            1.0,
            2.5
        ],
        [
            1.938776,
            1.0,
            2.5
        ],
        [
            2.040816,
            1.0,
            2.5
        ],
        [
            2.142857,
            1.0,
            2.5
        ],
        [
            2.244898,
            1.0,
            2.5
        ],
        [
            2.346939,
            1.0,
            2.5
        ],
        [
            2.44898,
            1.0,
            2.5
        ],
        [
            2.55102,
            1.0,
            2.5
        ],
        [
            2.653061,
            1.0,
            2.5
        ],
        [
            2.755102,
            1.0,
            2.5
        ],
        [
            2.857143,
            1.0,
            2.5
        ],
        [
            2.959184,
            1.0,
            2.5
        ],
        [
            3.061224,
            1.0,
            2.5
        ],
        [
            3.163265,
            1.0,
            2.5
        ],
        [
            3.265306,
            1.0,
            2.5
        ],
        [
            3.367347,
            1.0,
            2.5
        ],
        [
            3.469388,
            1.0,
            2.5
        ],
        [
            3.571429,
            1.0,
            2.5
        ],
        [
            3.673469,
            1.0,
            2.5
        ],
        [
            3.77551,
            1.0,
            2.5
        ],
        [
            3.877551,
            1.0,
            2.5
        ],
        [
            3.979592,
            1.0,
            2.5
        ],
        [
            4.081633,
            1.0,
            2.5
        ],
        [
            4.183673,
            1.0,
            2.5
        ],
        [
            4.285714,
            1.0,
            2.5
        ],
        [
            4.387755,
            1.0,
            2.5
        ],
        [
            4.489796,
            1.0,
            2.5
        ],
        [
            4.591837,
            1.0,
            2.5
        ],
        [
            4.693878,
            1.0,
            2.5
        ],
        [
            4.795918,
            1.0,
            2.5
        ],
        [
            4.897959,
            1.0,
            2.5
        ],
        [
            5.0,
            1.0,
            2.5
        ]
    ],
    "mic_dist": 0.1,
    "source_pos": [
        2.5,
        2.5,
        2.5
    ],
    "fs": 48000,
    "snr": 0
}