{
    "room_dim": [
        10,
        10,
        10
    ],
    "rt60": [
        0.5,
        0.55,
        0.6,
        0.65,
        0.7,
        0.75,
        0.8,
        0.8500000000000001,
        0.9,
        0.95,
        1.0,
        1.05,
        1.1,
        1.15,
        1.2000000000000002,
        1.25,
        1.3,
        1.35,
        1.4,
        1.4500000000000002,
        1.5,
        1.55,
        1.6,
        1.6500000000000001,
        1.7000000000000002,
        1.75,
        1.8,
        1.85,
        1.9000000000000001,
        1.9500000000000002,
        2.0,
        2.05,
        2.1,
        2.1500000000000004,
        2.2,
        2.25,
        2.3,
        2.35,
        2.4000000000000004,
        2.45,
        2.5,
        2.5500000000000003,
        2.6,
        2.65,
        2.7,
        2.75,
        2.8000000000000003,
        2.85,
        2.9000000000000004,
        2.95
    ],
    "mic_amount": 4,
    "mic_start": [
        1,
        1,
        1
    ],
    "mic_dist": 0.1,
    "source_pos": [
        5,
        5,
        1
    ],
    "fs": 44100
}