{
    "room_dim": [
        5,
        5,
        5
    ],
    "rt60": 0.2,
    "mic_amount": 4,
    "mic_start": [
        1,
        1,
        1
    ],
    "mic_dist": 0.1,
    "source_pos": [
        [
            1.0,
            2.5,
            1
        ],
        [
            1.02,
            2.5,
            1
        ],
        [
            1.04,
            2.5,
            1
        ],
        [
            1.06,
            2.5,
            1
        ],
        [
            1.08,
            2.5,
            1
        ],
        [
            1.1,
            2.5,
            1
        ],
        [
            1.12,
            2.5,
            1
        ],
        [
            1.1400000000000001,
            2.5,
            1
        ],
        [
            1.16,
            2.5,
            1
        ],
        [
            1.18,
            2.5,
            1
        ],
        [
            1.2,
            2.5,
            1
        ],
        [
            1.22,
            2.5,
            1
        ],
        [
            1.24,
            2.5,
            1
        ],
        [
            1.26,
            2.5,
            1
        ],
        [
            1.28,
            2.5,
            1
        ],
        [
            1.3,
            2.5,
            1
        ],
        [
            1.32,
            2.5,
            1
        ],
        [
            1.34,
            2.5,
            1
        ],
        [
            1.3599999999999999,
            2.5,
            1
        ],
        [
            1.38,
            2.5,
            1
        ],
        [
            1.4,
            2.5,
            1
        ],
        [
            1.42,
            2.5,
            1
        ],
        [
            1.44,
            2.5,
            1
        ],
        [
            1.46,
            2.5,
            1
        ],
        [
            1.48,
            2.5,
            1
        ],
        [
            1.5,
            2.5,
            1
        ],
        [
            1.52,
            2.5,
            1
        ],
        [
            1.54,
            2.5,
            1
        ],
        [
            1.56,
            2.5,
            1
        ],
        [
            1.58,
            2.5,
            1
        ],
        [
            1.6,
            2.5,
            1
        ],
        [
            1.62,
            2.5,
            1
        ],
        [
            1.6400000000000001,
            2.5,
            1
        ],
        [
            1.6600000000000001,
            2.5,
            1
        ],
        [
            1.6800000000000002,
            2.5,
            1
        ],
        [
            1.7000000000000002,
            2.5,
            1
        ],
        [
            1.72,
            2.5,
            1
        ],
        [
            1.74,
            2.5,
            1
        ],
        [
            1.76,
            2.5,
            1
        ],
        [
            1.78,
            2.5,
            1
        ],
        [
            1.8,
            2.5,
            1
        ],
        [
            1.82,
            2.5,
            1
        ],
        [
            1.8399999999999999,
            2.5,
            1
        ],
        [
            1.8599999999999999,
            2.5,
            1
        ],
        [
            1.88,
            2.5,
            1
        ],
        [
            1.9,
            2.5,
            1
        ],
        [
            1.92,
            2.5,
            1
        ],
        [
            1.94,
            2.5,
            1
        ],
        [
            1.96,
            2.5,
            1
        ],
        [
            1.98,
            2.5,
            1
        ],
        [
            2.0,
            2.5,
            1
        ],
        [
            2.02,
            2.5,
            1
        ],
        [
            2.04,
            2.5,
            1
        ],
        [
            2.06,
            2.5,
            1
        ],
        [
            2.08,
            2.5,
            1
        ],
        [
            2.1,
            2.5,
            1
        ],
        [
            2.12,
            2.5,
            1
        ],
        [
            2.14,
            2.5,
            1
        ],
        [
            2.16,
            2.5,
            1
        ],
        [
            2.1799999999999997,
            2.5,
            1
        ],
        [
            2.2,
            2.5,
            1
        ],
        [
            2.2199999999999998,
            2.5,
            1
        ],
        [
            2.24,
            2.5,
            1
        ],
        [
            2.26,
            2.5,
            1
        ],
        [
            2.2800000000000002,
            2.5,
            1
        ],
        [
            2.3,
            2.5,
            1
        ],
        [
            2.3200000000000003,
            2.5,
            1
        ],
        [
            2.34,
            2.5,
            1
        ],
        [
            2.3600000000000003,
            2.5,
            1
        ],
        [
            2.38,
            2.5,
            1
        ],
        [
            2.4000000000000004,
            2.5,
            1
        ],
        [
            2.42,
            2.5,
            1
        ],
        [
            2.44,
            2.5,
            1
        ],
        [
            2.46,
            2.5,
            1
        ],
        [
            2.48,
            2.5,
            1
        ],
        [
            2.5,
            2.5,
            1
        ],
        [
            2.52,
            2.5,
            1
        ],
        [
            2.54,
            2.5,
            1
        ],
        [
            2.56,
            2.5,
            1
        ],
        [
            2.58,
            2.5,
            1
        ],
        [
            2.6,
            2.5,
            1
        ],
        [
            2.62,
            2.5,
            1
        ],
        [
            2.64,
            2.5,
            1
        ],
        [
            2.66,
            2.5,
            1
        ],
        [
            2.6799999999999997,
            2.5,
            1
        ],
        [
            2.7,
            2.5,
            1
        ],
        [
            2.7199999999999998,
            2.5,
            1
        ],
        [
            2.74,
            2.5,
            1
        ],
        [
            2.76,
            2.5,
            1
        ],
        [
            2.7800000000000002,
            2.5,
            1
        ],
        [
            2.8,
            2.5,
            1
        ],
        [
            2.8200000000000003,
            2.5,
            1
        ],
        [
            2.84,
            2.5,
            1
        ],
        [
            2.8600000000000003,
            2.5,
            1
        ],
        [
            2.88,
            2.5,
            1
        ],
        [
            2.9000000000000004,
            2.5,
            1
        ],
        [
            2.92,
            2.5,
            1
        ],
        [
            2.94,
            2.5,
            1
        ],
        [
            2.96,
            2.5,
            1
        ],
        [
            2.98,
            2.5,
            1
        ]
    ],
    "fs": 44100
}